alpha,chi2
8.000000e-01,1.068794e+02
8.004004e-01,1.068351e+02
8.008008e-01,1.067904e+02
8.012012e-01,1.067454e+02
8.016016e-01,1.067000e+02
8.020020e-01,1.066543e+02
8.024024e-01,1.066082e+02
8.028028e-01,1.065617e+02
8.032032e-01,1.065149e+02
8.036036e-01,1.064677e+02
8.040040e-01,1.064202e+02
8.044044e-01,1.063723e+02
8.048048e-01,1.063241e+02
8.052052e-01,1.062755e+02
8.056056e-01,1.062265e+02
8.060060e-01,1.061772e+02
8.064064e-01,1.061276e+02
8.068068e-01,1.060776e+02
8.072072e-01,1.060272e+02
8.076076e-01,1.059765e+02
8.080080e-01,1.059255e+02
8.084084e-01,1.058741e+02
8.088088e-01,1.058223e+02
8.092092e-01,1.057702e+02
8.096096e-01,1.057177e+02
8.100100e-01,1.056649e+02
8.104104e-01,1.056118e+02
8.108108e-01,1.055583e+02
8.112112e-01,1.055044e+02
8.116116e-01,1.054502e+02
8.120120e-01,1.053957e+02
8.124124e-01,1.053408e+02
8.128128e-01,1.052855e+02
8.132132e-01,1.052300e+02
8.136136e-01,1.051740e+02
8.140140e-01,1.051178e+02
8.144144e-01,1.050612e+02
8.148148e-01,1.050042e+02
8.152152e-01,1.049469e+02
8.156156e-01,1.048893e+02
8.160160e-01,1.048313e+02
8.164164e-01,1.047730e+02
8.168168e-01,1.047143e+02
8.172172e-01,1.046553e+02
8.176176e-01,1.045960e+02
8.180180e-01,1.045363e+02
8.184184e-01,1.044763e+02
8.188188e-01,1.044160e+02
8.192192e-01,1.043553e+02
8.196196e-01,1.042943e+02
8.200200e-01,1.042329e+02
8.204204e-01,1.041713e+02
8.208208e-01,1.041093e+02
8.212212e-01,1.040469e+02
8.216216e-01,1.039842e+02
8.220220e-01,1.039212e+02
8.224224e-01,1.038579e+02
8.228228e-01,1.037943e+02
8.232232e-01,1.037303e+02
8.236236e-01,1.036660e+02
8.240240e-01,1.036014e+02
8.244244e-01,1.035364e+02
8.248248e-01,1.034712e+02
8.252252e-01,1.034056e+02
8.256256e-01,1.033397e+02
8.260260e-01,1.032735e+02
8.264264e-01,1.032070e+02
8.268268e-01,1.031402e+02
8.272272e-01,1.030731e+02
8.276276e-01,1.030057e+02
8.280280e-01,1.029380e+02
8.284284e-01,1.028700e+02
8.288288e-01,1.028017e+02
8.292292e-01,1.027331e+02
8.296296e-01,1.026642e+02
8.300300e-01,1.025950e+02
8.304304e-01,1.025255e+02
8.308308e-01,1.024558e+02
8.312312e-01,1.023858e+02
8.316316e-01,1.023154e+02
8.320320e-01,1.022448e+02
8.324324e-01,1.021740e+02
8.328328e-01,1.021028e+02
8.332332e-01,1.020314e+02
8.336336e-01,1.019597e+02
8.340340e-01,1.018878e+02
8.344344e-01,1.018156e+02
8.348348e-01,1.017431e+02
8.352352e-01,1.016704e+02
8.356356e-01,1.015974e+02
8.360360e-01,1.015242e+02
8.364364e-01,1.014507e+02
8.368368e-01,1.013769e+02
8.372372e-01,1.013029e+02
8.376376e-01,1.012287e+02
8.380380e-01,1.011542e+02
8.384384e-01,1.010795e+02
8.388388e-01,1.010046e+02
8.392392e-01,1.009294e+02
8.396396e-01,1.008540e+02
8.400400e-01,1.007784e+02
8.404404e-01,1.007026e+02
8.408408e-01,1.006265e+02
8.412412e-01,1.005503e+02
8.416416e-01,1.004738e+02
8.420420e-01,1.003971e+02
8.424424e-01,1.003202e+02
8.428428e-01,1.002431e+02
8.432432e-01,1.001658e+02
8.436436e-01,1.000883e+02
8.440440e-01,1.000106e+02
8.444444e-01,9.993269e+01
8.448448e-01,9.985461e+01
8.452452e-01,9.977635e+01
8.456456e-01,9.969791e+01
8.460460e-01,9.961928e+01
8.464464e-01,9.954048e+01
8.468468e-01,9.946150e+01
8.472472e-01,9.938234e+01
8.476476e-01,9.930302e+01
8.480480e-01,9.922353e+01
8.484484e-01,9.914388e+01
8.488488e-01,9.906406e+01
8.492492e-01,9.898409e+01
8.496496e-01,9.890396e+01
8.500501e-01,9.882368e+01
8.504505e-01,9.874325e+01
8.508509e-01,9.866267e+01
8.512513e-01,9.858196e+01
8.516517e-01,9.850110e+01
8.520521e-01,9.842010e+01
8.524525e-01,9.833897e+01
8.528529e-01,9.825772e+01
8.532533e-01,9.817633e+01
8.536537e-01,9.809482e+01
8.540541e-01,9.801319e+01
8.544545e-01,9.793144e+01
8.548549e-01,9.784957e+01
8.552553e-01,9.776759e+01
8.556557e-01,9.768551e+01
8.560561e-01,9.760332e+01
8.564565e-01,9.752103e+01
8.568569e-01,9.743864e+01
8.572573e-01,9.735615e+01
8.576577e-01,9.727358e+01
8.580581e-01,9.719091e+01
8.584585e-01,9.710817e+01
8.588589e-01,9.702534e+01
8.592593e-01,9.694243e+01
8.596597e-01,9.685945e+01
8.600601e-01,9.677641e+01
8.604605e-01,9.669330e+01
8.608609e-01,9.661012e+01
8.612613e-01,9.652689e+01
8.616617e-01,9.644361e+01
8.620621e-01,9.636028e+01
8.624625e-01,9.627690e+01
8.628629e-01,9.619348e+01
8.632633e-01,9.611002e+01
8.636637e-01,9.602653e+01
8.640641e-01,9.594301e+01
8.644645e-01,9.585946e+01
8.648649e-01,9.577589e+01
8.652653e-01,9.569230e+01
8.656657e-01,9.560870e+01
8.660661e-01,9.552508e+01
8.664665e-01,9.544146e+01
8.668669e-01,9.535783e+01
8.672673e-01,9.527420e+01
8.676677e-01,9.519058e+01
8.680681e-01,9.510697e+01
8.684685e-01,9.502337e+01
8.688689e-01,9.493979e+01
8.692693e-01,9.485623e+01
8.696697e-01,9.477270e+01
8.700701e-01,9.468920e+01
8.704705e-01,9.460573e+01
8.708709e-01,9.452230e+01
8.712713e-01,9.443892e+01
8.716717e-01,9.435558e+01
8.720721e-01,9.427230e+01
8.724725e-01,9.418907e+01
8.728729e-01,9.410590e+01
8.732733e-01,9.402280e+01
8.736737e-01,9.393976e+01
8.740741e-01,9.385680e+01
8.744745e-01,9.377392e+01
8.748749e-01,9.369112e+01
8.752753e-01,9.360841e+01
8.756757e-01,9.352578e+01
8.760761e-01,9.344326e+01
8.764765e-01,9.336083e+01
8.768769e-01,9.327850e+01
8.772773e-01,9.319628e+01
8.776777e-01,9.311417e+01
8.780781e-01,9.303218e+01
8.784785e-01,9.295030e+01
8.788789e-01,9.286855e+01
8.792793e-01,9.278692e+01
8.796797e-01,9.270542e+01
8.800801e-01,9.262406e+01
8.804805e-01,9.254284e+01
8.808809e-01,9.246176e+01
8.812813e-01,9.238082e+01
8.816817e-01,9.230004e+01
8.820821e-01,9.221940e+01
8.824825e-01,9.213893e+01
8.828829e-01,9.205862e+01
8.832833e-01,9.197847e+01
8.836837e-01,9.189850e+01
8.840841e-01,9.181870e+01
8.844845e-01,9.173907e+01
8.848849e-01,9.165963e+01
8.852853e-01,9.158037e+01
8.856857e-01,9.150130e+01
8.860861e-01,9.142242e+01
8.864865e-01,9.134374e+01
8.868869e-01,9.126525e+01
8.872873e-01,9.118697e+01
8.876877e-01,9.110889e+01
8.880881e-01,9.103101e+01
8.884885e-01,9.095335e+01
8.888889e-01,9.087590e+01
8.892893e-01,9.079866e+01
8.896897e-01,9.072165e+01
8.900901e-01,9.064486e+01
8.904905e-01,9.056829e+01
8.908909e-01,9.049195e+01
8.912913e-01,9.041584e+01
8.916917e-01,9.033997e+01
8.920921e-01,9.026434e+01
8.924925e-01,9.018894e+01
8.928929e-01,9.011379e+01
8.932933e-01,9.003889e+01
8.936937e-01,8.996424e+01
8.940941e-01,8.988984e+01
8.944945e-01,8.981570e+01
8.948949e-01,8.974182e+01
8.952953e-01,8.966821e+01
8.956957e-01,8.959486e+01
8.960961e-01,8.952179e+01
8.964965e-01,8.944899e+01
8.968969e-01,8.937647e+01
8.972973e-01,8.930423e+01
8.976977e-01,8.923228e+01
8.980981e-01,8.916061e+01
8.984985e-01,8.908924e+01
8.988989e-01,8.901816e+01
8.992993e-01,8.894738e+01
8.996997e-01,8.887689e+01
9.001001e-01,8.880671e+01
9.005005e-01,8.873684e+01
9.009009e-01,8.866727e+01
9.013013e-01,8.859801e+01
9.017017e-01,8.852907e+01
9.021021e-01,8.846044e+01
9.025025e-01,8.839214e+01
9.029029e-01,8.832416e+01
9.033033e-01,8.825650e+01
9.037037e-01,8.818918e+01
9.041041e-01,8.812218e+01
9.045045e-01,8.805552e+01
9.049049e-01,8.798920e+01
9.053053e-01,8.792322e+01
9.057057e-01,8.785758e+01
9.061061e-01,8.779228e+01
9.065065e-01,8.772733e+01
9.069069e-01,8.766273e+01
9.073073e-01,8.759849e+01
9.077077e-01,8.753460e+01
9.081081e-01,8.747106e+01
9.085085e-01,8.740789e+01
9.089089e-01,8.734508e+01
9.093093e-01,8.728262e+01
9.097097e-01,8.722054e+01
9.101101e-01,8.715881e+01
9.105105e-01,8.709746e+01
9.109109e-01,8.703648e+01
9.113113e-01,8.697587e+01
9.117117e-01,8.691563e+01
9.121121e-01,8.685578e+01
9.125125e-01,8.679630e+01
9.129129e-01,8.673720e+01
9.133133e-01,8.667849e+01
9.137137e-01,8.662016e+01
9.141141e-01,8.656221e+01
9.145145e-01,8.650466e+01
9.149149e-01,8.644750e+01
9.153153e-01,8.639073e+01
9.157157e-01,8.633435e+01
9.161161e-01,8.627838e+01
9.165165e-01,8.622280e+01
9.169169e-01,8.616762e+01
9.173173e-01,8.611284e+01
9.177177e-01,8.605847e+01
9.181181e-01,8.600450e+01
9.185185e-01,8.595094e+01
9.189189e-01,8.589780e+01
9.193193e-01,8.584506e+01
9.197197e-01,8.579274e+01
9.201201e-01,8.574083e+01
9.205205e-01,8.568934e+01
9.209209e-01,8.563826e+01
9.213213e-01,8.558761e+01
9.217217e-01,8.553738e+01
9.221221e-01,8.548757e+01
9.225225e-01,8.543818e+01
9.229229e-01,8.538922e+01
9.233233e-01,8.534068e+01
9.237237e-01,8.529257e+01
9.241241e-01,8.524489e+01
9.245245e-01,8.519763e+01
9.249249e-01,8.515080e+01
9.253253e-01,8.510441e+01
9.257257e-01,8.505844e+01
9.261261e-01,8.501291e+01
9.265265e-01,8.496780e+01
9.269269e-01,8.492314e+01
9.273273e-01,8.487890e+01
9.277277e-01,8.483511e+01
9.281281e-01,8.479175e+01
9.285285e-01,8.474882e+01
9.289289e-01,8.470634e+01
9.293293e-01,8.466429e+01
9.297297e-01,8.462268e+01
9.301301e-01,8.458151e+01
9.305305e-01,8.454079e+01
9.309309e-01,8.450050e+01
9.313313e-01,8.446066e+01
9.317317e-01,8.442125e+01
9.321321e-01,8.438229e+01
9.325325e-01,8.434377e+01
9.329329e-01,8.430568e+01
9.333333e-01,8.426804e+01
9.337337e-01,8.423084e+01
9.341341e-01,8.419408e+01
9.345345e-01,8.415775e+01
9.349349e-01,8.412187e+01
9.353353e-01,8.408643e+01
9.357357e-01,8.405143e+01
9.361361e-01,8.401686e+01
9.365365e-01,8.398273e+01
9.369369e-01,8.394905e+01
9.373373e-01,8.391580e+01
9.377377e-01,8.388299e+01
9.381381e-01,8.385061e+01
9.385385e-01,8.381868e+01
9.389389e-01,8.378718e+01
9.393393e-01,8.375611e+01
9.397397e-01,8.372549e+01
9.401401e-01,8.369530e+01
9.405405e-01,8.366555e+01
9.409409e-01,8.363624e+01
9.413413e-01,8.360736e+01
9.417417e-01,8.357892e+01
9.421421e-01,8.355092e+01
9.425425e-01,8.352335e+01
9.429429e-01,8.349622e+01
9.433433e-01,8.346953e+01
9.437437e-01,8.344327e+01
9.441441e-01,8.341745e+01
9.445445e-01,8.339206e+01
9.449449e-01,8.336710e+01
9.453453e-01,8.334258e+01
9.457457e-01,8.331850e+01
9.461461e-01,8.329484e+01
9.465465e-01,8.327162e+01
9.469469e-01,8.324883e+01
9.473473e-01,8.322647e+01
9.477477e-01,8.320455e+01
9.481481e-01,8.318305e+01
9.485485e-01,8.316198e+01
9.489489e-01,8.314135e+01
9.493493e-01,8.312114e+01
9.497497e-01,8.310136e+01
9.501502e-01,8.308200e+01
9.505506e-01,8.306307e+01
9.509510e-01,8.304457e+01
9.513514e-01,8.302650e+01
9.517518e-01,8.300884e+01
9.521522e-01,8.299161e+01
9.525526e-01,8.297481e+01
9.529530e-01,8.295843e+01
9.533534e-01,8.294246e+01
9.537538e-01,8.292692e+01
9.541542e-01,8.291180e+01
9.545546e-01,8.289710e+01
9.549550e-01,8.288282e+01
9.553554e-01,8.286896e+01
9.557558e-01,8.285551e+01
9.561562e-01,8.284248e+01
9.565566e-01,8.282987e+01
9.569570e-01,8.281767e+01
9.573574e-01,8.280588e+01
9.577578e-01,8.279451e+01
9.581582e-01,8.278355e+01
9.585586e-01,8.277299e+01
9.589590e-01,8.276285e+01
9.593594e-01,8.275311e+01
9.597598e-01,8.274377e+01
9.601602e-01,8.273485e+01
9.605606e-01,8.272632e+01
9.609610e-01,8.271820e+01
9.613614e-01,8.271048e+01
9.617618e-01,8.270316e+01
9.621622e-01,8.269623e+01
9.625626e-01,8.268971e+01
9.629630e-01,8.268358e+01
9.633634e-01,8.267785e+01
9.637638e-01,8.267251e+01
9.641642e-01,8.266756e+01
9.645646e-01,8.266300e+01
9.649650e-01,8.265883e+01
9.653654e-01,8.265505e+01
9.657658e-01,8.265165e+01
9.661662e-01,8.264864e+01
9.665666e-01,8.264602e+01
9.669670e-01,8.264377e+01
9.673674e-01,8.264191e+01
9.677678e-01,8.264042e+01
9.681682e-01,8.263931e+01
9.685686e-01,8.263857e+01
9.689690e-01,8.263821e+01
9.693694e-01,8.263822e+01
9.697698e-01,8.263860e+01
9.701702e-01,8.263935e+01
9.705706e-01,8.264046e+01
9.709710e-01,8.264194e+01
9.713714e-01,8.264378e+01
9.717718e-01,8.264599e+01
9.721722e-01,8.264855e+01
9.725726e-01,8.265147e+01
9.729730e-01,8.265475e+01
9.733734e-01,8.265838e+01
9.737738e-01,8.266237e+01
9.741742e-01,8.266671e+01
9.745746e-01,8.267139e+01
9.749750e-01,8.267643e+01
9.753754e-01,8.268181e+01
9.757758e-01,8.268754e+01
9.761762e-01,8.269361e+01
9.765766e-01,8.270002e+01
9.769770e-01,8.270677e+01
9.773774e-01,8.271386e+01
9.777778e-01,8.272128e+01
9.781782e-01,8.272904e+01
9.785786e-01,8.273714e+01
9.789790e-01,8.274557e+01
9.793794e-01,8.275432e+01
9.797798e-01,8.276341e+01
9.801802e-01,8.277282e+01
9.805806e-01,8.278256e+01
9.809810e-01,8.279261e+01
9.813814e-01,8.280299e+01
9.817818e-01,8.281369e+01
9.821822e-01,8.282470e+01
9.825826e-01,8.283603e+01
9.829830e-01,8.284767e+01
9.833834e-01,8.285962e+01
9.837838e-01,8.287188e+01
9.841842e-01,8.288444e+01
9.845846e-01,8.289731e+01
9.849850e-01,8.291048e+01
9.853854e-01,8.292395e+01
9.857858e-01,8.293772e+01
9.861862e-01,8.295178e+01
9.865866e-01,8.296614e+01
9.869870e-01,8.298079e+01
9.873874e-01,8.299573e+01
9.877878e-01,8.301096e+01
9.881882e-01,8.302648e+01
9.885886e-01,8.304228e+01
9.889890e-01,8.305836e+01
9.893894e-01,8.307472e+01
9.897898e-01,8.309136e+01
9.901902e-01,8.310828e+01
9.905906e-01,8.312547e+01
9.909910e-01,8.314294e+01
9.913914e-01,8.316067e+01
9.917918e-01,8.317868e+01
9.921922e-01,8.319695e+01
9.925926e-01,8.321548e+01
9.929930e-01,8.323428e+01
9.933934e-01,8.325335e+01
9.937938e-01,8.327267e+01
9.941942e-01,8.329224e+01
9.945946e-01,8.331208e+01
9.949950e-01,8.333217e+01
9.953954e-01,8.335251e+01
9.957958e-01,8.337310e+01
9.961962e-01,8.339393e+01
9.965966e-01,8.341502e+01
9.969970e-01,8.343635e+01
9.973974e-01,8.345792e+01
9.977978e-01,8.347973e+01
9.981982e-01,8.350178e+01
9.985986e-01,8.352407e+01
9.989990e-01,8.354659e+01
9.993994e-01,8.356935e+01
9.997998e-01,8.359233e+01
1.000200e+00,8.361555e+01
1.000601e+00,8.363900e+01
1.001001e+00,8.366267e+01
1.001401e+00,8.368657e+01
1.001802e+00,8.371069e+01
1.002202e+00,8.373504e+01
1.002603e+00,8.375960e+01
1.003003e+00,8.378439e+01
1.003403e+00,8.380939e+01
1.003804e+00,8.383461e+01
1.004204e+00,8.386005e+01
1.004605e+00,8.388570e+01
1.005005e+00,8.391157e+01
1.005405e+00,8.393765e+01
1.005806e+00,8.396393e+01
1.006206e+00,8.399043e+01
1.006607e+00,8.401714e+01
1.007007e+00,8.404405e+01
1.007407e+00,8.407117e+01
1.007808e+00,8.409850e+01
1.008208e+00,8.412602e+01
1.008609e+00,8.415375e+01
1.009009e+00,8.418168e+01
1.009409e+00,8.420980e+01
1.009810e+00,8.423813e+01
1.010210e+00,8.426665e+01
1.010611e+00,8.429536e+01
1.011011e+00,8.432427e+01
1.011411e+00,8.435336e+01
1.011812e+00,8.438265e+01
1.012212e+00,8.441213e+01
1.012613e+00,8.444180e+01
1.013013e+00,8.447165e+01
1.013413e+00,8.450168e+01
1.013814e+00,8.453190e+01
1.014214e+00,8.456230e+01
1.014615e+00,8.459289e+01
1.015015e+00,8.462365e+01
1.015415e+00,8.465458e+01
1.015816e+00,8.468570e+01
1.016216e+00,8.471698e+01
1.016617e+00,8.474844e+01
1.017017e+00,8.478007e+01
1.017417e+00,8.481187e+01
1.017818e+00,8.484383e+01
1.018218e+00,8.487597e+01
1.018619e+00,8.490826e+01
1.019019e+00,8.494072e+01
1.019419e+00,8.497334e+01
1.019820e+00,8.500611e+01
1.020220e+00,8.503905e+01
1.020621e+00,8.507214e+01
1.021021e+00,8.510538e+01
1.021421e+00,8.513878e+01
1.021822e+00,8.517233e+01
1.022222e+00,8.520603e+01
1.022623e+00,8.523988e+01
1.023023e+00,8.527387e+01
1.023423e+00,8.530801e+01
1.023824e+00,8.534230e+01
1.024224e+00,8.537672e+01
1.024625e+00,8.541129e+01
1.025025e+00,8.544600e+01
1.025425e+00,8.548084e+01
1.025826e+00,8.551583e+01
1.026226e+00,8.555094e+01
1.026627e+00,8.558620e+01
1.027027e+00,8.562158e+01
1.027427e+00,8.565710e+01
1.027828e+00,8.569274e+01
1.028228e+00,8.572852e+01
1.028629e+00,8.576442e+01
1.029029e+00,8.580045e+01
1.029429e+00,8.583661e+01
1.029830e+00,8.587289e+01
1.030230e+00,8.590930e+01
1.030631e+00,8.594583e+01
1.031031e+00,8.598248e+01
1.031431e+00,8.601926e+01
1.031832e+00,8.605615e+01
1.032232e+00,8.609316e+01
1.032633e+00,8.613029e+01
1.033033e+00,8.616754e+01
1.033433e+00,8.620490e+01
1.033834e+00,8.624237e+01
1.034234e+00,8.627996e+01
1.034635e+00,8.631766e+01
1.035035e+00,8.635547e+01
1.035435e+00,8.639338e+01
1.035836e+00,8.643141e+01
1.036236e+00,8.646955e+01
1.036637e+00,8.650779e+01
1.037037e+00,8.654613e+01
1.037437e+00,8.658458e+01
1.037838e+00,8.662313e+01
1.038238e+00,8.666179e+01
1.038639e+00,8.670054e+01
1.039039e+00,8.673939e+01
1.039439e+00,8.677835e+01
1.039840e+00,8.681740e+01
1.040240e+00,8.685654e+01
1.040641e+00,8.689578e+01
1.041041e+00,8.693512e+01
1.041441e+00,8.697455e+01
1.041842e+00,8.701407e+01
1.042242e+00,8.705368e+01
1.042643e+00,8.709338e+01
1.043043e+00,8.713317e+01
1.043443e+00,8.717305e+01
1.043844e+00,8.721301e+01
1.044244e+00,8.725307e+01
1.044645e+00,8.729320e+01
1.045045e+00,8.733342e+01
1.045445e+00,8.737373e+01
1.045846e+00,8.741411e+01
1.046246e+00,8.745458e+01
1.046647e+00,8.749513e+01
1.047047e+00,8.753575e+01
1.047447e+00,8.757646e+01
1.047848e+00,8.761724e+01
1.048248e+00,8.765809e+01
1.048649e+00,8.769903e+01
1.049049e+00,8.774003e+01
1.049449e+00,8.778111e+01
1.049850e+00,8.782226e+01
1.050250e+00,8.786348e+01
1.050651e+00,8.790477e+01
1.051051e+00,8.794614e+01
1.051451e+00,8.798757e+01
1.051852e+00,8.802906e+01
1.052252e+00,8.807063e+01
1.052653e+00,8.811226e+01
1.053053e+00,8.815395e+01
1.053453e+00,8.819571e+01
1.053854e+00,8.823753e+01
1.054254e+00,8.827942e+01
1.054655e+00,8.832136e+01
1.055055e+00,8.836337e+01
1.055455e+00,8.840544e+01
1.055856e+00,8.844757e+01
1.056256e+00,8.848976e+01
1.056657e+00,8.853201e+01
1.057057e+00,8.857431e+01
1.057457e+00,8.861668e+01
1.057858e+00,8.865910e+01
1.058258e+00,8.870158e+01
1.058659e+00,8.874411e+01
1.059059e+00,8.878670e+01
1.059459e+00,8.882935e+01
1.059860e+00,8.887204e+01
1.060260e+00,8.891480e+01
1.060661e+00,8.895760e+01
1.061061e+00,8.900046e+01
1.061461e+00,8.904336e+01
1.061862e+00,8.908632e+01
1.062262e+00,8.912933e+01
1.062663e+00,8.917239e+01
1.063063e+00,8.921550e+01
1.063463e+00,8.925865e+01
1.063864e+00,8.930185e+01
1.064264e+00,8.934510e+01
1.064665e+00,8.938840e+01
1.065065e+00,8.943174e+01
1.065465e+00,8.947513e+01
1.065866e+00,8.951856e+01
1.066266e+00,8.956203e+01
1.066667e+00,8.960555e+01
1.067067e+00,8.964911e+01
1.067467e+00,8.969271e+01
1.067868e+00,8.973635e+01
1.068268e+00,8.978003e+01
1.068669e+00,8.982374e+01
1.069069e+00,8.986750e+01
1.069469e+00,8.991129e+01
1.069870e+00,8.995512e+01
1.070270e+00,8.999899e+01
1.070671e+00,9.004289e+01
1.071071e+00,9.008683e+01
1.071471e+00,9.013079e+01
1.071872e+00,9.017480e+01
1.072272e+00,9.021883e+01
1.072673e+00,9.026289e+01
1.073073e+00,9.030698e+01
1.073473e+00,9.035110e+01
1.073874e+00,9.039525e+01
1.074274e+00,9.043943e+01
1.074675e+00,9.048363e+01
1.075075e+00,9.052786e+01
1.075475e+00,9.057212e+01
1.075876e+00,9.061640e+01
1.076276e+00,9.066070e+01
1.076677e+00,9.070502e+01
1.077077e+00,9.074936e+01
1.077477e+00,9.079373e+01
1.077878e+00,9.083811e+01
1.078278e+00,9.088251e+01
1.078679e+00,9.092693e+01
1.079079e+00,9.097137e+01
1.079479e+00,9.101583e+01
1.079880e+00,9.106030e+01
1.080280e+00,9.110478e+01
1.080681e+00,9.114928e+01
1.081081e+00,9.119379e+01
1.081481e+00,9.123832e+01
1.081882e+00,9.128285e+01
1.082282e+00,9.132740e+01
1.082683e+00,9.137196e+01
1.083083e+00,9.141653e+01
1.083483e+00,9.146111e+01
1.083884e+00,9.150570e+01
1.084284e+00,9.155030e+01
1.084685e+00,9.159490e+01
1.085085e+00,9.163951e+01
1.085485e+00,9.168413e+01
1.085886e+00,9.172875e+01
1.086286e+00,9.177338e+01
1.086687e+00,9.181801e+01
1.087087e+00,9.186265e+01
1.087487e+00,9.190728e+01
1.087888e+00,9.195192e+01
1.088288e+00,9.199656e+01
1.088689e+00,9.204121e+01
1.089089e+00,9.208585e+01
1.089489e+00,9.213049e+01
1.089890e+00,9.217513e+01
1.090290e+00,9.221976e+01
1.090691e+00,9.226439e+01
1.091091e+00,9.230902e+01
1.091491e+00,9.235365e+01
1.091892e+00,9.239827e+01
1.092292e+00,9.244288e+01
1.092693e+00,9.248749e+01
1.093093e+00,9.253209e+01
1.093493e+00,9.257668e+01
1.093894e+00,9.262126e+01
1.094294e+00,9.266583e+01
1.094695e+00,9.271040e+01
1.095095e+00,9.275495e+01
1.095495e+00,9.279949e+01
1.095896e+00,9.284402e+01
1.096296e+00,9.288853e+01
1.096697e+00,9.293303e+01
1.097097e+00,9.297752e+01
1.097497e+00,9.302200e+01
1.097898e+00,9.306645e+01
1.098298e+00,9.311090e+01
1.098699e+00,9.315532e+01
1.099099e+00,9.319973e+01
1.099499e+00,9.324412e+01
1.099900e+00,9.328849e+01
1.100300e+00,9.333284e+01
1.100701e+00,9.337717e+01
1.101101e+00,9.342148e+01
1.101502e+00,9.346577e+01
1.101902e+00,9.351003e+01
1.102302e+00,9.355428e+01
1.102703e+00,9.359850e+01
1.103103e+00,9.364269e+01
1.103504e+00,9.368686e+01
1.103904e+00,9.373100e+01
1.104304e+00,9.377511e+01
1.104705e+00,9.381920e+01
1.105105e+00,9.386326e+01
1.105506e+00,9.390729e+01
1.105906e+00,9.395129e+01
1.106306e+00,9.399526e+01
1.106707e+00,9.403919e+01
1.107107e+00,9.408310e+01
1.107508e+00,9.412697e+01
1.107908e+00,9.417081e+01
1.108308e+00,9.421461e+01
1.108709e+00,9.425838e+01
1.109109e+00,9.430211e+01
1.109510e+00,9.434581e+01
1.109910e+00,9.438947e+01
1.110310e+00,9.443309e+01
1.110711e+00,9.447667e+01
1.111111e+00,9.452022e+01
1.111512e+00,9.456372e+01
1.111912e+00,9.460718e+01
1.112312e+00,9.465060e+01
1.112713e+00,9.469398e+01
1.113113e+00,9.473731e+01
1.113514e+00,9.478060e+01
1.113914e+00,9.482384e+01
1.114314e+00,9.486704e+01
1.114715e+00,9.491019e+01
1.115115e+00,9.495330e+01
1.115516e+00,9.499635e+01
1.115916e+00,9.503936e+01
1.116316e+00,9.508231e+01
1.116717e+00,9.512522e+01
1.117117e+00,9.516807e+01
1.117518e+00,9.521088e+01
1.117918e+00,9.525363e+01
1.118318e+00,9.529632e+01
1.118719e+00,9.533896e+01
1.119119e+00,9.538155e+01
1.119520e+00,9.542408e+01
1.119920e+00,9.546655e+01
1.120320e+00,9.550897e+01
1.120721e+00,9.555132e+01
1.121121e+00,9.559362e+01
1.121522e+00,9.563586e+01
1.121922e+00,9.567803e+01
1.122322e+00,9.572014e+01
1.122723e+00,9.576219e+01
1.123123e+00,9.580418e+01
1.123524e+00,9.584610e+01
1.123924e+00,9.588796e+01
1.124324e+00,9.592975e+01
1.124725e+00,9.597147e+01
1.125125e+00,9.601313e+01
1.125526e+00,9.605472e+01
1.125926e+00,9.609623e+01
1.126326e+00,9.613768e+01
1.126727e+00,9.617906e+01
1.127127e+00,9.622036e+01
1.127528e+00,9.626160e+01
1.127928e+00,9.630276e+01
1.128328e+00,9.634384e+01
1.128729e+00,9.638485e+01
1.129129e+00,9.642579e+01
1.129530e+00,9.646664e+01
1.129930e+00,9.650742e+01
1.130330e+00,9.654812e+01
1.130731e+00,9.658875e+01
1.131131e+00,9.662929e+01
1.131532e+00,9.666975e+01
1.131932e+00,9.671013e+01
1.132332e+00,9.675042e+01
1.132733e+00,9.679063e+01
1.133133e+00,9.683076e+01
1.133534e+00,9.687080e+01
1.133934e+00,9.691076e+01
1.134334e+00,9.695063e+01
1.134735e+00,9.699041e+01
1.135135e+00,9.703010e+01
1.135536e+00,9.706970e+01
1.135936e+00,9.710922e+01
1.136336e+00,9.714864e+01
1.136737e+00,9.718797e+01
1.137137e+00,9.722721e+01
1.137538e+00,9.726636e+01
1.137938e+00,9.730542e+01
1.138338e+00,9.734438e+01
1.138739e+00,9.738324e+01
1.139139e+00,9.742201e+01
1.139540e+00,9.746069e+01
1.139940e+00,9.749927e+01
1.140340e+00,9.753775e+01
1.140741e+00,9.757613e+01
1.141141e+00,9.761442e+01
1.141542e+00,9.765260e+01
1.141942e+00,9.769068e+01
1.142342e+00,9.772867e+01
1.142743e+00,9.776655e+01
1.143143e+00,9.780433e+01
1.143544e+00,9.784200e+01
1.143944e+00,9.787958e+01
1.144344e+00,9.791704e+01
1.144745e+00,9.795440e+01
1.145145e+00,9.799166e+01
1.145546e+00,9.802881e+01
1.145946e+00,9.806585e+01
1.146346e+00,9.810279e+01
1.146747e+00,9.813962e+01
1.147147e+00,9.817633e+01
1.147548e+00,9.821294e+01
1.147948e+00,9.824944e+01
1.148348e+00,9.828583e+01
1.148749e+00,9.832210e+01
1.149149e+00,9.835827e+01
1.149550e+00,9.839432e+01
1.149950e+00,9.843025e+01
1.150350e+00,9.846607e+01
1.150751e+00,9.850178e+01
1.151151e+00,9.853737e+01
1.151552e+00,9.857284e+01
1.151952e+00,9.860820e+01
1.152352e+00,9.864344e+01
1.152753e+00,9.867856e+01
1.153153e+00,9.871356e+01
1.153554e+00,9.874844e+01
1.153954e+00,9.878321e+01
1.154354e+00,9.881785e+01
1.154755e+00,9.885236e+01
1.155155e+00,9.888676e+01
1.155556e+00,9.892103e+01
1.155956e+00,9.895518e+01
1.156356e+00,9.898920e+01
1.156757e+00,9.902310e+01
1.157157e+00,9.905687e+01
1.157558e+00,9.909052e+01
1.157958e+00,9.912404e+01
1.158358e+00,9.915743e+01
1.158759e+00,9.919070e+01
1.159159e+00,9.922383e+01
1.159560e+00,9.925683e+01
1.159960e+00,9.928971e+01
1.160360e+00,9.932245e+01
1.160761e+00,9.935506e+01
1.161161e+00,9.938754e+01
1.161562e+00,9.941989e+01
1.161962e+00,9.945210e+01
1.162362e+00,9.948418e+01
1.162763e+00,9.951613e+01
1.163163e+00,9.954794e+01
1.163564e+00,9.957962e+01
1.163964e+00,9.961116e+01
1.164364e+00,9.964256e+01
1.164765e+00,9.967383e+01
1.165165e+00,9.970496e+01
1.165566e+00,9.973595e+01
1.165966e+00,9.976681e+01
1.166366e+00,9.979753e+01
1.166767e+00,9.982811e+01
1.167167e+00,9.985855e+01
1.167568e+00,9.988886e+01
1.167968e+00,9.991902e+01
1.168368e+00,9.994905e+01
1.168769e+00,9.997893e+01
1.169169e+00,1.000087e+02
1.169570e+00,1.000383e+02
1.169970e+00,1.000677e+02
1.170370e+00,1.000971e+02
1.170771e+00,1.001262e+02
1.171171e+00,1.001553e+02
1.171572e+00,1.001842e+02
1.171972e+00,1.002129e+02
1.172372e+00,1.002415e+02
1.172773e+00,1.002700e+02
1.173173e+00,1.002983e+02
1.173574e+00,1.003265e+02
1.173974e+00,1.003546e+02
1.174374e+00,1.003825e+02
1.174775e+00,1.004102e+02
1.175175e+00,1.004378e+02
1.175576e+00,1.004653e+02
1.175976e+00,1.004926e+02
1.176376e+00,1.005198e+02
1.176777e+00,1.005468e+02
1.177177e+00,1.005737e+02
1.177578e+00,1.006004e+02
1.177978e+00,1.006270e+02
1.178378e+00,1.006534e+02
1.178779e+00,1.006797e+02
1.179179e+00,1.007058e+02
1.179580e+00,1.007318e+02
1.179980e+00,1.007577e+02
1.180380e+00,1.007834e+02
1.180781e+00,1.008089e+02
1.181181e+00,1.008343e+02
1.181582e+00,1.008596e+02
1.181982e+00,1.008847e+02
1.182382e+00,1.009096e+02
1.182783e+00,1.009344e+02
1.183183e+00,1.009591e+02
1.183584e+00,1.009835e+02
1.183984e+00,1.010079e+02
1.184384e+00,1.010321e+02
1.184785e+00,1.010561e+02
1.185185e+00,1.010800e+02
1.185586e+00,1.011037e+02
1.185986e+00,1.011273e+02
1.186386e+00,1.011507e+02
1.186787e+00,1.011740e+02
1.187187e+00,1.011971e+02
1.187588e+00,1.012201e+02
1.187988e+00,1.012429e+02
1.188388e+00,1.012656e+02
1.188789e+00,1.012881e+02
1.189189e+00,1.013104e+02
1.189590e+00,1.013326e+02
1.189990e+00,1.013546e+02
1.190390e+00,1.013765e+02
1.190791e+00,1.013982e+02
1.191191e+00,1.014198e+02
1.191592e+00,1.014412e+02
1.191992e+00,1.014625e+02
1.192392e+00,1.014836e+02
1.192793e+00,1.015045e+02
1.193193e+00,1.015253e+02
1.193594e+00,1.015459e+02
1.193994e+00,1.015664e+02
1.194394e+00,1.015867e+02
1.194795e+00,1.016069e+02
1.195195e+00,1.016269e+02
1.195596e+00,1.016467e+02
1.195996e+00,1.016664e+02
1.196396e+00,1.016860e+02
1.196797e+00,1.017053e+02
1.197197e+00,1.017246e+02
1.197598e+00,1.017436e+02
1.197998e+00,1.017625e+02
1.198398e+00,1.017813e+02
1.198799e+00,1.017999e+02
1.199199e+00,1.018183e+02
1.199600e+00,1.018366e+02
1.200000e+00,1.018547e+02
